run_id,model,mae,rmse,mape,bias
20260406_024822,ridge_gridsearch,0.47702461413942665,0.6408867233285439,5.596181089808618,0.19363151960310584
